{"id":"00000000-0000-0000-0000-000000000000","revision":0,"last_node_id":0,"last_link_id":0,"nodes":[],"links":[],"groups":[],"config":{},"extra":{"ds":{"scale":0.6588241021083027,"offset":[1482.6211998260435,-554.1434338990405]}},"version":0.4}